EMPLID,HUB,Participation,Last Day if Dropping,Reason
24506581,Healthcare,Dropped,2/7/2024,Unresponsive
24506578,STEM and Green,Active,,
24502279,Community and Social Services,Active,,
24493236,Marketing and communications,Active,,
24490640,Marketing and communications,Active,,
24489523,Marketing and communications,Active,,
24487732,Healthcare,Active,,
24487317,Community and Social Services,Active,,
24487276,Healthcare,Dropped,2/26/2024,Did not complete required training
24487101,Marketing and communications,Active,,
24486000,Marketing and communications,Active,,
24484252,STEM and Green,Active,,
24478918,Marketing and communications,Dropped,4/17/2024,Student changed their mind and did not want a summer internship
24477743,Healthcare,Active,,
24477036,Healthcare,Dropped,2/7/2024,Unresponsive
24476316,STEM and Green,Dropped,1/22/2024,Student changed their mind and did not want a summer internship
24472398,Community and Social Services,Active,,
24472243,Marketing and communications,Active,,
24470834,Community and Social Services,Active,,
24469961,Healthcare,Dropped,2/26/2024,Did not complete required training
24468343,Marketing and communications,Active,,
24467783,Community and Social Services,Active,,
24465926,Marketing and communications,Active,,
24465753,Marketing and communications,Active,,
24463424,Healthcare,Dropped,1/16/2024,Unresponsive
24463281,Healthcare,Dropped,2/21/2024,Unresponsive
24462440,Marketing and communications,Active,,
24460823,Marketing and communications,Dropped,2/21/2024,I do not like my placement
24458961,STEM and Green,Active,,
24458749,Community and Social Services,Active,,
24458734,Marketing and communications,Active,,
24456758,STEM and Green,Active,,
24452260,Community and Social Services,Dropped,12/20/2023,Unresponsive
24452126,Marketing and communications,Dropped,1/28/2024,I have a schedule conflict
24451368,Marketing and communications,Active,,
24450726,Healthcare,Active,,
24449391,Community and Social Services,Active,,
24449343,Community and Social Services,Active,,
24446989,Healthcare,Active,,
24446949,Marketing and communications,Active,,
24446784,Marketing and communications,Active,,
24444026,Community and Social Services,Active,,
24443949,Marketing and communications,Active,,
24440104,Community and Social Services,Dropped,1/17/2024,Unresponsive
24439524,Community and Social Services,Active,,
24439456,Marketing and communications,Dropped,12/20/2023,Unresponsive
24439199,STEM and Green,Dropped,12/20/2023,Unresponsive
24438881,STEM and Green,Dropped,1/8/2024,Unresponsive
24438594,Marketing and communications,Active,,
24437714,STEM and Green,Active,,
24437706,Healthcare,Active,,
24436814,Marketing and communications,Active,,
24436649,Community and Social Services,Active,,
24435922,Community and Social Services,Active,,
24435738,Marketing and communications,Active,,
24435035,Community and Social Services,Dropped,12/20/2023,Unresponsive
24433357,Marketing and communications,Dropped,1/17/2024,Unresponsive
24431294,Marketing and communications,Active,,
24428738,Marketing and communications,Dropped,1/16/2024,Unresponsive
24426522,Healthcare,Active,,
24424572,Marketing and communications,Active,,
24423641,STEM and Green,Dropped,2/23/2024,"Did not meet payroll requirements (SSN, work authorization)"
24422870,Community and Social Services,Dropped,1/16/2024,Unresponsive
24421914,Community and Social Services,Dropped,1/16/2024,Unresponsive
24421065,Healthcare,Active,,
24420594,Community and Social Services,Active,,
24419780,Healthcare,Active,,
24419589,Healthcare,Active,,
24419558,Healthcare,Active,,
24419514,Healthcare,Active,,
24418577,Marketing and communications,Active,,
24418419,Healthcare,Active,,
24418049,Healthcare,Active,,
24416860,Healthcare,Active,,
24416665,STEM and Green,Active,,
24416509,STEM and Green,Active,,
24416418,Healthcare,Active,,
24416343,Healthcare,Active,,
24416051,Healthcare,Dropped,2/6/2024,Some other personal conflict
24414720,Marketing and communications,Active,,
24414225,Community and Social Services,Active,,
24413937,Marketing and communications,Dropped,1/17/2024,Unresponsive
24413600,Community and Social Services,Active,,
24413350,STEM and Green,Dropped,2/7/2024,Unresponsive
24413059,Healthcare,Active,,
24412901,Healthcare,Dropped,1/16/2024,Unresponsive
24411357,Marketing and communications,Active,,
24408260,Healthcare,Active,,
24407700,Healthcare,Active,,
24407670,Marketing and communications,Active,,
24407663,Community and Social Services,Dropped,1/17/2024,Unresponsive
24407083,Community and Social Services,Dropped,1/31/2024,Unresponsive
24406397,Healthcare,Dropped,12/20/2023,Unresponsive
24406217,Community and Social Services,Active,,
24406057,Healthcare,Active,,
24404617,Marketing and communications,Active,,
24404458,STEM and Green,Active,,
24403988,Healthcare,Active,,
24403509,Healthcare,Dropped,2/26/2024,Did not complete required training
24403413,Community and Social Services,Active,,
24403123,Marketing and communications,Active,,
24402254,Community and Social Services,Active,,
24402239,Healthcare,Active,,
24400338,Healthcare,Active,,
24398260,Community and Social Services,Active,,
24397171,Community and Social Services,Dropped,2/14/2024,Unresponsive
24396370,Community and Social Services,Active,,
24395314,Community and Social Services,Dropped,12/19/2023,Student changed their mind and did not want a summer internship
24395235,STEM and Green,Active,,
24394724,Healthcare,Dropped,2/7/2024,Unresponsive
24394607,Marketing and communications,Active,,
24393213,STEM and Green,Active,,
24392877,Community and Social Services,Dropped,12/20/2023,Unresponsive
24391702,STEM and Green,Dropped,12/27/2023,Unresponsive
24391070,Marketing and communications,Dropped,1/8/2024,Unresponsive
24390651,STEM and Green,Active,,
24388359,Healthcare,Active,,
24387759,Community and Social Services,Active,,
24387223,STEM and Green,Active,,
24387199,Marketing and communications,Active,,
24387044,Healthcare,Dropped,3/9/2024,Some other personal conflict
24387032,Community and Social Services,Active,,
24386713,Community and Social Services,Active,,
24385709,Healthcare,Dropped,12/28/2023,Unresponsive
24385508,Marketing and communications,Dropped,1/16/2024,Unresponsive
24383873,Marketing and communications,Dropped,12/28/2023,Unresponsive
24383167,Community and Social Services,Active,,
24382787,Marketing and communications,Active,,
24381409,Marketing and communications,Active,,
24381160,Marketing and communications,Active,,
24379383,Community and Social Services,Active,,
24378116,Marketing and communications,Dropped,1/16/2024,Unresponsive
24377798,Healthcare,Dropped,3/1/2024,Unresponsive
24377218,Community and Social Services,Active,,
24374446,Healthcare,Active,,
24374436,STEM and Green,Active,,
24374094,Healthcare,Active,,
24372884,Marketing and communications,Active,,
24372862,Healthcare,Active,,
24372106,Healthcare,Active,,
24371794,Marketing and communications,Active,,
24371777,Healthcare,Dropped,1/8/2024,Unresponsive
24371237,Marketing and communications,Active,,
24370663,STEM and Green,Dropped,2/5/2024,I do not like my placement
24369712,Healthcare,Active,,
24369656,Healthcare,Active,,
24369057,Community and Social Services,Active,,
24368978,Marketing and communications,Dropped,3/4/2024,"I do not meet program requirements (SSN, age, work authorization)"
24368779,Community and Social Services,Active,,
24366786,STEM and Green,Active,,
24364108,STEM and Green,Active,,
24363542,STEM and Green,Dropped,2/1/2024,I do not like my placement
24362904,Healthcare,Active,,
24359219,Marketing and communications,Active,,
24359206,Healthcare,Active,,
24358390,Marketing and communications,Dropped,1/16/2024,Unresponsive
24357657,Marketing and communications,Dropped,12/28/2023,Unresponsive
24357553,Community and Social Services,Active,,
24357326,STEM and Green,Active,,
24354779,Marketing and communications,Active,,
24354392,STEM and Green,Active,,
24351257,Community and Social Services,Active,,
24351174,Healthcare,Active,,
24348881,Healthcare,Dropped,2/26/2024,Did not complete required training
24348795,Healthcare,Dropped,2/14/2024,Unresponsive
24348218,STEM and Green,Dropped,12/28/2023,Unresponsive
24347846,Marketing and communications,Active,,
24347625,Marketing and communications,Active,,
24347218,Healthcare,Dropped,2/7/2024,Unresponsive
24346892,Healthcare,Dropped,2/7/2024,Unresponsive
24346803,STEM and Green,Active,,
24346571,Healthcare,Active,,
24346543,Healthcare,Dropped,2/22/2024,Student changed their mind and did not want a summer internship
24346414,Community and Social Services,Active,,
24345277,Marketing and communications,Active,,
24343666,STEM and Green,Dropped,3/6/2024,I did not complete required training
24343608,Healthcare,Active,,
24342496,Marketing and communications,Active,,
24341431,STEM and Green,Dropped,2/6/2024,I do not like my placement
24341111,Community and Social Services,Active,,
24340787,Community and Social Services,Active,,
24340602,Marketing and communications,Dropped,1/8/2024,Unresponsive
24340400,Community and Social Services,Active,,
24340290,Community and Social Services,Active,,
24339968,Marketing and communications,Active,,
24339194,Community and Social Services,Dropped,2/14/2024,Unresponsive
24338736,Community and Social Services,Active,,
24337580,Marketing and communications,Active,,
24336677,Marketing and communications,Active,,
24336645,STEM and Green,Active,,
24336531,Healthcare,Active,,
24336427,Community and Social Services,Active,,
24335882,STEM and Green,Active,,
24334965,Healthcare,Active,,
24334674,STEM and Green,Dropped,2/7/2024,I do not like my placement
24334391,Marketing and communications,Active,,
24334339,STEM and Green,Dropped,2/29/2024,I have a schedule conflict
24333869,Community and Social Services,Dropped,1/3/2024,Student changed their mind and did not want a summer internship
24333050,Marketing and communications,Dropped,3/3/2024,I have a schedule conflict
24331575,Marketing and communications,Dropped,2/23/2024,"Did not meet payroll requirements (SSN, work authorization)"
24331259,Marketing and communications,Dropped,2/29/2024,"Schedule conflict (class, job, personal)"
24330948,Healthcare,Active,,
24330741,STEM and Green,Active,,
24330562,STEM and Green,Dropped,2/13/2024,I do not like my placement
24330402,Marketing and communications,Dropped,1/16/2024,Unresponsive
24330266,Community and Social Services,Active,,
24330232,Marketing and communications,Active,,
24330017,Healthcare,Dropped,3/1/2024,Unresponsive
24329180,STEM and Green,Dropped,11/13/2023,Mistakenly admitted
24329109,Community and Social Services,Active,,
24328984,Community and Social Services,Active,,
24328489,STEM and Green,Active,,
24328476,STEM and Green,Dropped,12/28/2023,Unresponsive
24328325,Community and Social Services,Dropped,1/16/2024,Unresponsive
24327409,Marketing and communications,Active,,
24327176,Marketing and communications,Active,,
24327024,STEM and Green,Active,,
24326521,Community and Social Services,Active,,
24326504,STEM and Green,Active,,
24326471,STEM and Green,Dropped,12/28/2023,Unresponsive
24326457,Healthcare,Dropped,1/16/2024,Unresponsive
24326444,Healthcare,Dropped,12/20/2023,Unresponsive
24325980,Healthcare,Dropped,1/16/2024,Unresponsive
24324783,Marketing and communications,Dropped,1/16/2024,Unresponsive
24324611,Marketing and communications,Dropped,2/26/2024,Student changed their mind and did not want a summer internship
24324236,Community and Social Services,Dropped,2/23/2024,Unresponsive
24324231,STEM and Green,Active,,
24323801,STEM and Green,Active,,
24323775,STEM and Green,Active,,
24323020,Healthcare,Active,,
24322892,Healthcare,Active,,
24322632,STEM and Green,Dropped,12/28/2023,Unresponsive
24322379,Community and Social Services,Dropped,12/20/2023,Unresponsive
24321883,Community and Social Services,Active,,
24321620,Healthcare,Active,,
24321336,Healthcare,Active,,
24321082,Marketing and communications,Active,,
24321064,Healthcare,Active,,
24320960,Marketing and communications,Dropped,2/14/2024,Unresponsive
24320781,STEM and Green,Active,,
24319729,Marketing and communications,Active,,
24319602,Community and Social Services,Active,,
24317522,Marketing and communications,Dropped,1/25/2024,Unresponsive
24316412,Marketing and communications,Active,,
24316284,Healthcare,Dropped,3/5/2024,Some other personal conflict
24316226,Community and Social Services,Active,,
24315775,Healthcare,Dropped,2/7/2024,Unresponsive
24315748,Community and Social Services,Active,,
24315291,Marketing and communications,Active,,
24315188,Healthcare,Active,,
24314421,Healthcare,Active,,
24313815,Community and Social Services,Active,,
24313533,Marketing and communications,Active,,
24313414,Marketing and communications,Dropped,4/10/2024,Some other personal conflict
24313225,Marketing and communications,Dropped,1/16/2024,Unresponsive
24312864,Healthcare,Active,,
24312696,Community and Social Services,Active,,
24312497,Marketing and communications,Active,,
24312156,Community and Social Services,Active,,
24311934,Healthcare,Active,,
24311621,Marketing and communications,Dropped,1/17/2024,Unresponsive
24311199,Healthcare,Active,,
24308547,Marketing and communications,Active,,
24307684,Healthcare,Active,,
24307668,Healthcare,Active,,
24306506,STEM and Green,Active,,
24306344,Healthcare,Active,,
24306341,Community and Social Services,Active,,
24305581,Healthcare,Active,,
24304589,Community and Social Services,Active,,
24303958,Marketing and communications,Active,,
24302962,Marketing and communications,Active,,
24302958,STEM and Green,Active,,
24302831,Community and Social Services,Dropped,2/23/2024,Unresponsive
24302766,Community and Social Services,Active,,
24302139,Marketing and communications,Active,,
24302039,Marketing and communications,Active,,
24301849,Marketing and communications,Active,,
24301720,Community and Social Services,Active,,
24299426,Healthcare,Active,,
24298853,STEM and Green,Active,,
24298752,STEM and Green,Dropped,2/7/2024,Unresponsive
24298648,STEM and Green,Active,,
24298636,Community and Social Services,Active,,
24298633,Healthcare,Active,,
24298392,STEM and Green,Active,,
24298316,STEM and Green,Active,,
24298269,Marketing and communications,Active,,
24298229,Marketing and communications,Active,,
24297885,Community and Social Services,Active,,
24297109,Marketing and communications,Dropped,12/20/2023,Unresponsive
24297050,Healthcare,Dropped,2/2/2024,Student changed their mind and did not want a summer internship
24296895,Community and Social Services,Dropped,2/14/2024,Unresponsive
24296826,STEM and Green,Dropped,2/14/2024,Unresponsive
24296822,STEM and Green,Active,,
24296791,STEM and Green,Active,,
24296714,STEM and Green,Dropped,2/7/2024,Unresponsive
24296699,STEM and Green,Dropped,2/6/2024,I do not like my placement
24296621,STEM and Green,Active,,
24296545,Healthcare,Active,,
24296515,Marketing and communications,Active,,
24296446,Community and Social Services,Active,,
24296379,Healthcare,Active,,
24296231,STEM and Green,Active,,
24295700,Marketing and communications,Active,,
24295279,Healthcare,Active,,
24295235,Healthcare,Dropped,2/26/2024,Did not complete required training
24295187,Healthcare,Active,,
24295143,Healthcare,Active,,
24295122,Community and Social Services,Active,,
24294822,STEM and Green,Active,,
24294807,STEM and Green,Active,,
24294724,Healthcare,Dropped,12/20/2023,Unresponsive
24294682,Healthcare,Dropped,1/9/2024,Unresponsive
24294200,Marketing and communications,Active,,
24293438,STEM and Green,Active,,
24291539,Community and Social Services,Active,,
24291436,Marketing and communications,Dropped,12/28/2023,Unresponsive
24291240,Healthcare,Active,,
24291150,Marketing and communications,Active,,
24289980,Community and Social Services,Active,,
24289110,Community and Social Services,Active,,
24288941,Healthcare,Active,,
24288123,Healthcare,Active,,
24288088,Marketing and communications,Active,,
24287518,Marketing and communications,Active,,
24287490,Healthcare,Dropped,12/28/2023,Unresponsive
24287288,Healthcare,Active,,
24286944,Marketing and communications,Active,,
24286918,Healthcare,Active,,
24285827,Community and Social Services,Active,,
24285587,Community and Social Services,Active,,
24285487,Marketing and communications,Dropped,3/5/2024,I have a schedule conflict
24285273,Healthcare,Active,,
24284899,Healthcare,Active,,
24284278,STEM and Green,Active,,
24283178,Marketing and communications,Active,,
24282886,Community and Social Services,Dropped,2/23/2024,Unresponsive
24282206,Healthcare,Dropped,2/16/2024,I have a schedule conflict
24281642,Marketing and communications,Active,,
24281239,Marketing and communications,Active,,
24280116,Healthcare,Active,,
24279069,Healthcare,Active,,
24278015,Community and Social Services,Active,,
24277373,Community and Social Services,Dropped,2/25/2024,Student changed their mind and did not want a summer internship
24277371,STEM and Green,Dropped,1/10/2024,Unresponsive
24276691,Marketing and communications,Dropped,12/28/2023,Unresponsive
24275466,Community and Social Services,Active,,
24275024,Marketing and communications,Active,,
24273859,Community and Social Services,Active,,
24273620,STEM and Green,Active,,
24273513,Healthcare,Active,,
24273350,Marketing and communications,Active,,
24272683,Healthcare,Active,,
24271535,Healthcare,Active,,
24271507,Community and Social Services,Active,,
24271495,Community and Social Services,Dropped,1/16/2024,Unresponsive
24270336,Healthcare,Active,,
24270165,Healthcare,Dropped,2/20/2024,Unresponsive
24269885,Marketing and communications,Active,,
24269820,Community and Social Services,Active,,
24268469,Community and Social Services,Dropped,12/28/2023,Unresponsive
24267890,Marketing and communications,Active,,
24267831,Community and Social Services,Active,,
24267315,Community and Social Services,Active,,
24267280,Healthcare,Dropped,2/26/2024,"Schedule conflict (class, job, personal)"
24265493,STEM and Green,Active,,
24265291,Marketing and communications,Active,,
24264590,Healthcare,Dropped,1/16/2024,Unresponsive
24264327,Community and Social Services,Active,,
24263976,STEM and Green,Active,,
24263692,Marketing and communications,Active,,
24262865,STEM and Green,Active,,
24261386,Healthcare,Dropped,12/28/2023,Unresponsive
24260730,Marketing and communications,Dropped,1/16/2024,Unresponsive
24259043,Marketing and communications,Active,,
24257129,Healthcare,Active,,
24256632,Marketing and communications,Active,,
24255899,STEM and Green,Dropped,1/16/2024,Unresponsive
24255869,STEM and Green,Active,,
24255065,Community and Social Services,Active,,
24255005,STEM and Green,Active,,
24254927,Healthcare,Active,,
24253206,STEM and Green,Active,,
24250638,Community and Social Services,Dropped,1/17/2024,Unresponsive
24250213,Healthcare,Dropped,1/16/2024,Unresponsive
24249094,Community and Social Services,Dropped,1/31/2024,Student changed their mind and did not want a summer internship
24248900,Marketing and communications,Active,,
24248738,Healthcare,Active,,
24247995,Healthcare,Active,,
24247104,Healthcare,Active,,
24246225,Community and Social Services,Active,,
24245961,Healthcare,Active,,
24245653,Marketing and communications,Dropped,12/20/2023,Unresponsive
24244736,Healthcare,Active,,
24244273,Community and Social Services,Active,,
24244168,Marketing and communications,Active,,
24243809,Healthcare,Active,,
24242909,Community and Social Services,Dropped,2/7/2024,Unresponsive
24242661,Marketing and communications,Active,,
24240877,Community and Social Services,Active,,
24240352,STEM and Green,Active,,
24240213,Healthcare,Dropped,1/10/2024,Unresponsive
24240040,STEM and Green,Active,,
24239418,Marketing and communications,Active,,
24239388,Community and Social Services,Dropped,12/20/2023,Unresponsive
24239251,Healthcare,Dropped,1/16/2024,Unresponsive
24238731,STEM and Green,Active,,
24238096,Marketing and communications,Active,,
24237782,STEM and Green,Active,,
24236811,Healthcare,Active,,
24235902,Marketing and communications,Dropped,12/28/2023,Unresponsive
24235700,STEM and Green,Active,,
24235024,Community and Social Services,Active,,
24233952,STEM and Green,Active,,
24233779,Community and Social Services,Active,,
24233571,STEM and Green,Active,,
24233475,Healthcare,Active,,
24233283,Community and Social Services,Active,,
24232623,Healthcare,Active,,
24232592,Community and Social Services,Active,,
24231890,Marketing and communications,Active,,
24230350,Healthcare,Active,,
24229266,Community and Social Services,Active,,
24228663,Community and Social Services,Active,,
24228009,Healthcare,Active,,
24225549,Healthcare,Active,,
24224944,Community and Social Services,Active,,
24222464,Marketing and communications,Active,,
24222225,Healthcare,Active,,
24219563,Healthcare,Active,,
24217662,STEM and Green,Active,,
24217522,STEM and Green,Dropped,12/20/2023,Unresponsive
24216912,Community and Social Services,Active,,
24216893,Community and Social Services,Active,,
24216846,STEM and Green,Dropped,1/16/2024,Unresponsive
24216597,Marketing and communications,Active,,
24215422,Healthcare,Active,,
24215269,STEM and Green,Dropped,12/20/2023,Unresponsive
24214616,Marketing and communications,Active,,
24214575,Marketing and communications,Active,,
24214080,Community and Social Services,Active,,
24213888,Marketing and communications,Active,,
24213622,Marketing and communications,Dropped,2/27/2024,I received a new job or internship offer
24213451,Healthcare,Active,,
24212992,Community and Social Services,Active,,
24212190,Community and Social Services,Active,,
24211861,STEM and Green,Active,,
24211415,Marketing and communications,Active,,
24210194,STEM and Green,Active,,
24209943,STEM and Green,Active,,
24209633,Community and Social Services,Active,,
24209395,STEM and Green,Active,,
24208946,STEM and Green,Active,,
24207394,STEM and Green,Dropped,12/28/2023,Unresponsive
24207374,STEM and Green,Dropped,2/14/2024,Unresponsive
24207316,Community and Social Services,Dropped,3/25/2024,"Schedule conflict (class, job, personal)"
24206804,Healthcare,Active,,
24206447,Healthcare,Active,,
24206022,Healthcare,Active,,
24205991,STEM and Green,Dropped,2/7/2024,Unresponsive
24205740,Community and Social Services,Dropped,1/16/2024,Unresponsive
24205472,Marketing and communications,Active,,
24205098,STEM and Green,Active,,
24204791,Marketing and communications,Dropped,1/17/2024,Unresponsive
24203421,Community and Social Services,Dropped,2/13/2024,Unresponsive
24202696,STEM and Green,Dropped,2/14/2024,Unresponsive
24201812,Community and Social Services,Dropped,12/20/2023,Unresponsive
24201627,STEM and Green,Dropped,3/1/2024,Unresponsive
24201219,STEM and Green,Active,,
24201097,Marketing and communications,Dropped,1/16/2024,Unresponsive
24200270,Healthcare,Dropped,2/14/2024,Unresponsive
24199638,Marketing and communications,Active,,
24199260,Healthcare,Active,,
24199193,Community and Social Services,Dropped,2/23/2024,"Did not meet payroll requirements (SSN, work authorization)"
24198354,Community and Social Services,Active,,
24198107,STEM and Green,Dropped,2/7/2024,Unresponsive
24197911,STEM and Green,Dropped,12/28/2024,Unresponsive
24197889,Community and Social Services,Dropped,3/1/2024,Student rejected internship placement and is not eligible for a rematch
24197824,Healthcare,Active,,
24197738,Healthcare,Active,,
24197508,STEM and Green,Dropped,2/15/2024,I have a schedule conflict
24197361,Marketing and communications,Dropped,3/11/2024,Student changed their mind and did not want a summer internship
24197263,STEM and Green,Active,,
24197111,Marketing and communications,Active,,
24196360,Community and Social Services,Active,,
24196339,Healthcare,Active,,
24196311,STEM and Green,Dropped,2/7/2024,
24196106,Healthcare,Dropped,2/14/2024,Unresponsive
24194961,Marketing and communications,Active,,
24194122,Marketing and communications,Active,,
24193746,STEM and Green,Active,,
24193665,Healthcare,Dropped,2/7/2024,Unresponsive
24192189,Community and Social Services,Active,,
24191999,STEM and Green,Active,,
24191535,Community and Social Services,Dropped,3/1/2024,Student changed their mind and did not want a summer internship
24191481,Community and Social Services,Active,,
24191104,Community and Social Services,Dropped,12/20/2023,Unresponsive
24190778,Marketing and communications,Active,,
24190722,Community and Social Services,Active,,
24190405,STEM and Green,Dropped,2/29/2024,I do not like my placement
24190080,Marketing and communications,Active,,
24190013,Healthcare,Dropped,2/14/2024,Unresponsive
24189759,Community and Social Services,Dropped,1/29/2024,I have a schedule conflict
24189585,Healthcare,Active,,
24189398,Marketing and communications,Active,,
24189068,Marketing and communications,Active,,
24188687,Marketing and communications,Dropped,2/23/2024,"Did not meet payroll requirements (SSN, work authorization)"
24188605,Marketing and communications,Active,,
24188078,STEM and Green,Dropped,2/6/2024,I do not like my placement
24188030,Community and Social Services,Dropped,2/7/2024,Unresponsive
24188027,Marketing and communications,Dropped,3/4/2024,I have a schedule conflict
24187549,Healthcare,Active,,
24187485,Marketing and communications,Dropped,11/9/2023,Mistakenly admitted
24187441,STEM and Green,Dropped,4/12/2024,I do not like my placement
24187298,Marketing and communications,Active,,
24187249,STEM and Green,Dropped,12/28/2023,Unresponsive
24187201,Healthcare,Active,,
24187001,Community and Social Services,Active,,
24186768,STEM and Green,Active,,
24186377,STEM and Green,Active,,
24186188,Healthcare,Active,,
24185998,Healthcare,Active,,
24185939,Marketing and communications,Active,,
24185900,Healthcare,Active,,
24185869,STEM and Green,Dropped,11/9/2023,Mistakenly admitted
24185837,STEM and Green,Dropped,2/14/2024,Unresponsive
24185152,STEM and Green,Active,,
24185108,STEM and Green,Active,,
24184912,STEM and Green,Dropped,12/28/2023,Unresponsive
24184872,Marketing and communications,Active,,
24184506,STEM and Green,Dropped,2/14/2024,Unresponsive
24184432,STEM and Green,Dropped,2/14/2024,Unresponsive
24184306,Community and Social Services,Active,,
24183770,Healthcare,Dropped,12/28/2023,Unresponsive
24181407,Marketing and communications,Active,,
24181340,Marketing and communications,Active,,
24181276,Marketing and communications,Active,,
24180983,Marketing and communications,Dropped,11/9/2023,Mistakenly admitted
24180574,STEM and Green,Active,,
24179497,Marketing and communications,Dropped,12/20/2023,Unresponsive
24179360,STEM and Green,Dropped,2/1/2024,I do not like my placement
24179357,Healthcare,Active,,
24178637,Marketing and communications,Dropped,1/17/2024,Unresponsive
24177840,STEM and Green,Active,,
24177624,Community and Social Services,Active,,
24177059,Community and Social Services,Active,,
24176803,Healthcare,Active,,
24176736,Healthcare,Active,,
24176725,Community and Social Services,Active,,
24176094,STEM and Green,Dropped,2/2/2024,I do not like my placement
24176062,Marketing and communications,Active,,
24175766,Marketing and communications,Active,,
24175680,Healthcare,Active,,
24175597,Healthcare,Active,,
24175552,Marketing and communications,Active,,
24175309,STEM and Green,Active,,
24175143,Marketing and communications,Active,,
24174798,Community and Social Services,Active,,
24174738,Community and Social Services,Active,,
24174703,Marketing and communications,Active,,
24173912,Healthcare,Dropped,1/19/2024,Student changed their mind and did not want a summer internship
24173473,STEM and Green,Active,,
24173285,Healthcare,Active,,
24172678,STEM and Green,Dropped,2/13/2024,I do not like my placement
24172225,Healthcare,Active,,
24171685,STEM and Green,Dropped,2/23/2024,Unresponsive
24171462,Marketing and communications,Active,,
24169979,Healthcare,Active,,
24169898,Marketing and communications,Active,,
24169638,Community and Social Services,Active,,
24169616,Community and Social Services,Active,,
24169481,Community and Social Services,Dropped,11/9/2023,Mistakenly admitted
24169267,Community and Social Services,Dropped,1/16/2024,Unresponsive
24169092,Marketing and communications,Active,,
24168257,Healthcare,Active,,
24168152,STEM and Green,Active,,
24168015,Community and Social Services,Active,,
24167904,Healthcare,Dropped,2/26/2024,Did not complete required training
24167630,Community and Social Services,Dropped,2/20/2024,"Schedule conflict (class, job, personal)"
24167328,Community and Social Services,Dropped,1/16/2024,Unresponsive
24167325,Healthcare,Active,,
24166649,Community and Social Services,Dropped,1/17/2024,Unresponsive
24165942,Healthcare,Dropped,1/16/2024,Unresponsive
24165590,STEM and Green,Dropped,2/14/2024,Unresponsive
24164798,STEM and Green,Active,,
24164769,STEM and Green,Dropped,1/16/2024,Unresponsive
24163951,STEM and Green,Dropped,2/21/2024,I received a new job or internship offer
24163573,Community and Social Services,Dropped,1/8/2024,Unresponsive
24163555,STEM and Green,Dropped,2/14/2024,Unresponsive
24163336,Marketing and communications,Dropped,2/23/2024,"Did not meet payroll requirements (SSN, work authorization)"
24162998,Marketing and communications,Active,,
24162460,Community and Social Services,Active,,
24162185,STEM and Green,Active,,
24161862,Healthcare,Dropped,4/7/2024,Disciplinary withdraw
24160150,Community and Social Services,Active,,
24158929,Healthcare,Dropped,4/12/2024,Received a new job or internship offer
24158788,Healthcare,Active,,
24157665,STEM and Green,Active,,
24157077,Healthcare,Active,,
24157063,Healthcare,Active,,
24157035,Marketing and communications,Active,,
24156804,STEM and Green,Active,,
24156429,Healthcare,Active,,
24155646,Marketing and communications,Active,,
24155610,Marketing and communications,Active,,
24155447,Community and Social Services,Active,,
24155359,Marketing and communications,Active,,
24155343,Healthcare,Active,,
24155342,Healthcare,Dropped,2/23/2024,"Schedule conflict (class, job, personal)"
24154819,STEM and Green,Dropped,1/16/2024,Unresponsive
24154414,STEM and Green,Dropped,12/28/2023,Unresponsive
24154406,Healthcare,Active,,
24154288,Healthcare,Active,,
24154127,Healthcare,Dropped,3/1/2024,Some other personal conflict
24154126,Healthcare,Active,,
24153999,Healthcare,Active,,
24153897,STEM and Green,Active,,
24153727,Marketing and communications,Active,,
24153682,Community and Social Services,Active,,
24153535,Marketing and communications,Active,,
24152889,Healthcare,Active,,
24152835,Marketing and communications,Active,,
24152434,Community and Social Services,Dropped,12/20/2023,Unresponsive
24152309,Healthcare,Active,,
24150710,STEM and Green,Active,,
24150517,Healthcare,Dropped,2/14/2024,Unresponsive
24150461,Community and Social Services,Active,,
24150164,Community and Social Services,Active,,
24150162,Marketing and communications,Active,,
24149960,Healthcare,Active,,
24149762,Community and Social Services,Active,,
24149676,Healthcare,Active,,
24148948,Healthcare,Dropped,2/26/2024,Did not complete required training
24147806,STEM and Green,Active,,
24145298,Community and Social Services,Active,,
24145120,Marketing and communications,Dropped,3/27/2024,I have a schedule conflict
24144748,Healthcare,Active,,
24144033,Community and Social Services,Active,,
24143948,Healthcare,Active,,
24142460,Healthcare,Active,,
24141075,STEM and Green,Active,,
24139583,Healthcare,Active,,
24139403,Community and Social Services,Active,,
24137916,Marketing and communications,Active,,
24137773,STEM and Green,Dropped,11/9/2023,Mistakenly admitted
24137727,Healthcare,Dropped,1/3/2024,I have a schedule conflict
24137128,Community and Social Services,Active,,
24136408,Healthcare,Active,,
24136390,Community and Social Services,Dropped,2/26/2024,Student changed their mind and did not want a summer internship
24136167,Healthcare,Dropped,12/20/2023,Unresponsive
24136017,Healthcare,Active,,
24135993,Marketing and communications,Active,,
24135785,Community and Social Services,Active,,
24135624,Community and Social Services,Active,,
24134574,Marketing and communications,Active,,
24134443,Community and Social Services,Active,,
24133928,Healthcare,Active,,
24133826,Community and Social Services,Dropped,1/16/2024,Unresponsive
24133745,Healthcare,Active,,
24133516,STEM and Green,Dropped,2/7/2024,I have a schedule conflict
24130372,Marketing and communications,Dropped,12/28/2023,Unresponsive
24129877,Healthcare,Active,,
24129644,STEM and Green,Dropped,2/2/2024,Student changed their mind and did not want a summer internship
24129102,Community and Social Services,Dropped,1/16/2024,Unresponsive
24128781,Community and Social Services,Dropped,2/15/2024,"Schedule conflict (class, job, personal)"
24128014,Healthcare,Dropped,3/6/2024,Mistakenly admitted
24127966,Marketing and communications,Active,,
24127911,STEM and Green,Dropped,2/14/2024,Unresponsive
24127782,Community and Social Services,Active,,
24127345,STEM and Green,Active,,
24125244,STEM and Green,Active,,
24125046,Healthcare,Active,,
24125027,Marketing and communications,Active,,
24124811,Healthcare,Dropped,3/11/2024,Unresponsive
24123306,Marketing and communications,Dropped,11/9/2023,Mistakenly admitted
24123154,STEM and Green,Dropped,2/14/2024,Unresponsive
24122627,STEM and Green,Active,,
24121535,Healthcare,Active,,
24121463,STEM and Green,Active,,
24121302,Healthcare,Active,,
24119992,Marketing and communications,Active,,
24118802,STEM and Green,Dropped,2/14/2024,Unresponsive
24117957,Community and Social Services,Active,,
24117825,Community and Social Services,Active,,
24117453,Marketing and communications,Active,,
24116177,Community and Social Services,Active,,
24116161,Marketing and communications,Active,,
24116077,STEM and Green,Active,,
24115736,STEM and Green,Active,,
24115338,STEM and Green,Dropped,2/14/2024,Unresponsive
24115319,Community and Social Services,Dropped,1/16/2024,Unresponsive
24114405,Healthcare,Active,,
24114233,Healthcare,Dropped,2/14/2024,Unresponsive
24113856,Community and Social Services,Active,,
24112780,Healthcare,Active,,
24108476,Healthcare,Dropped,3/4/2024,Some other personal conflict
24108424,Healthcare,Dropped,1/16/2024,Unresponsive
24108413,Healthcare,Active,,
24108323,Healthcare,Dropped,2/26/2024,I do not like my placement
24108258,Marketing and communications,Active,,
24106713,Healthcare,Active,,
24106299,Marketing and communications,Dropped,3/8/2024,Mistakenly admitted
24104947,Community and Social Services,Active,,
24104634,Healthcare,Dropped,2/7/2024,Unresponsive
24104160,Healthcare,Active,,
24103954,STEM and Green,Active,,
24103325,Marketing and communications,Active,,
24102323,Marketing and communications,Active,,
24101317,STEM and Green,Active,,
24100551,Marketing and communications,Active,,
24099327,Marketing and communications,Active,,
24099264,Healthcare,Dropped,2/14/2024,Unresponsive
24098919,Community and Social Services,Active,,
24098888,Marketing and communications,Active,,
24098722,Community and Social Services,Active,,
24098352,Community and Social Services,Active,,
24097973,Marketing and communications,Active,,
24097376,STEM and Green,Active,,
24096781,Healthcare,Active,,
24096394,STEM and Green,Active,,
24096345,Community and Social Services,Active,,
24095404,Community and Social Services,Active,,
24093995,Marketing and communications,Active,,
24092138,Healthcare,Active,,
24091646,Healthcare,Active,,
24091219,STEM and Green,Active,,
24091173,Community and Social Services,Active,,
24090701,STEM and Green,Active,,
24090348,Community and Social Services,Active,,
24089206,Community and Social Services,Active,,
24088410,Healthcare,Dropped,2/22/2024,Student changed their mind and did not want a summer internship
24087573,STEM and Green,Active,,
24086743,Community and Social Services,Dropped,1/16/2024,Unresponsive
24086536,Marketing and communications,Active,,
24086371,STEM and Green,Dropped,4/5/2024,I do not like my placement
24084961,Healthcare,Active,,
24084440,Marketing and communications,Active,,
24083443,Healthcare,Active,,
24082613,Community and Social Services,Active,,
24080930,Healthcare,Dropped,3/1/2024,Unresponsive
24080272,Community and Social Services,Active,,
24080045,Marketing and communications,Active,,
24079373,Community and Social Services,Dropped,12/20/2023,Unresponsive
24078900,Healthcare,Active,,
24078813,STEM and Green,Active,,
24078717,STEM and Green,Dropped,12/28/2024,Unresponsive
24078647,Marketing and communications,Active,,
24078604,Marketing and communications,Active,,
24078502,Healthcare,Active,,
24078500,STEM and Green,Active,,
24078370,Marketing and communications,Active,,
24077850,STEM and Green,Active,,
24077473,STEM and Green,Dropped,11/9/2023,Mistakenly admitted
24076798,Marketing and communications,Active,,
24075498,Healthcare,Dropped,11/9/2023,Mistakenly admitted
24075377,STEM and Green,Active,,
24074915,Community and Social Services,Active,,
24074122,Community and Social Services,Active,,
24073847,STEM and Green,Active,,
24073809,STEM and Green,Dropped,2/14/2024,"Schedule conflict (class, job, personal)"
24073778,Marketing and communications,Dropped,1/16/2024,Unresponsive
24073756,STEM and Green,Dropped,2/7/2024,Unresponsive
24073653,STEM and Green,Active,,
24073638,STEM and Green,Dropped,2/7/2024,I do not like my placement
24073098,Community and Social Services,Dropped,12/28/2024,Unresponsive
24072887,STEM and Green,Dropped,2/5/2024,I do not like my placement
24072379,Community and Social Services,Active,,
24070323,Marketing and communications,Active,,
24070144,STEM and Green,Active,,
24070116,STEM and Green,Active,,
24070061,Community and Social Services,Active,,
24067981,STEM and Green,Active,,
24067569,STEM and Green,Dropped,2/14/2024,Unresponsive
24067229,Community and Social Services,Dropped,1/16/2024,Unresponsive
24067187,Marketing and communications,Active,,
24067072,Marketing and communications,Active,,
24066969,Healthcare,Active,,
24066541,STEM and Green,Active,,
24066053,Marketing and communications,Dropped,1/3/2024,Student changed their mind and did not want a summer internship
24065608,Marketing and communications,Active,,
24065563,Marketing and communications,Active,,
24065540,Community and Social Services,Active,,
24065481,STEM and Green,Active,,
24064677,Marketing and communications,Dropped,1/8/2024,Unresponsive
24064352,STEM and Green,Dropped,12/28/2023,Unresponsive
24063810,Community and Social Services,Active,,
24063678,Marketing and communications,Active,,
24063181,Marketing and communications,Active,,
24062534,Healthcare,Active,,
24062360,STEM and Green,Active,,
24061013,Community and Social Services,Active,,
24060486,STEM and Green,Active,,
24059301,Healthcare,Active,,
24058881,STEM and Green,Dropped,2/5/2024,I do not like my placement
24058615,STEM and Green,Active,,
24058389,STEM and Green,Active,,
24057800,Healthcare,Dropped,2/7/2024,Unresponsive
24057313,STEM and Green,Dropped,2/2/2024,I do not like my placement
24057049,STEM and Green,Active,,
24056647,Community and Social Services,Active,,
24056643,STEM and Green,Active,,
24056395,Healthcare,Active,,
24056161,Marketing and communications,Active,,
24056006,Marketing and communications,Active,,
24055939,STEM and Green,Active,,
24055219,Marketing and communications,Active,,
24055164,Healthcare,Active,,
24054511,Marketing and communications,Active,,
24054410,Community and Social Services,Dropped,2/23/2024,Unresponsive
24054400,Healthcare,Active,,
24054271,Marketing and communications,Active,,
24053852,Healthcare,Active,,
24053148,Marketing and communications,Active,,
24053075,Community and Social Services,Dropped,12/20/2023,Unresponsive
24052964,Healthcare,Active,,
24051863,Marketing and communications,Dropped,1/16/2024,Unresponsive
24051763,STEM and Green,Active,,
24050218,Marketing and communications,Active,,
24049798,Healthcare,Active,,
24049217,Healthcare,Dropped,1/16/2024,Unresponsive
24048904,STEM and Green,Active,,
24048321,Marketing and communications,Dropped,12/15/2023,Received a new job or internship offer
24046211,Healthcare,Dropped,2/14/2024,Unresponsive
24046131,Community and Social Services,Active,,
24046065,Marketing and communications,Dropped,2/26/2024,Student changed their mind and did not want a summer internship
24045468,STEM and Green,Active,,
24045322,Marketing and communications,Dropped,2/7/2024,I received a new job or internship offer
24044375,STEM and Green,Active,,
24044122,Healthcare,Dropped,12/20/2023,Unresponsive
24043971,STEM and Green,Dropped,4/8/2024,Student changed their mind and did not want a summer internship
24043899,Community and Social Services,Dropped,1/25/2024,Unresponsive
24043822,Healthcare,Active,,
24041821,Community and Social Services,Active,,
24041702,STEM and Green,Active,,
24041205,Community and Social Services,Dropped,3/1/2024,Some other personal conflict
24041115,STEM and Green,Active,,
24040887,Healthcare,Dropped,4/7/2024,Disciplinary withdraw
24040150,Marketing and communications,Dropped,2/7/2024,Unresponsive
24039034,Community and Social Services,Dropped,1/16/2024,Unresponsive
24038024,STEM and Green,Active,,
24037935,Community and Social Services,Active,,
24037557,Community and Social Services,Dropped,2/20/2024,"Schedule conflict (class, job, personal)"
24036833,STEM and Green,Active,,
24036823,STEM and Green,Active,,
24035355,Marketing and communications,Active,,
24033926,Healthcare,Dropped,2/26/2024,Did not complete required training
24031540,Community and Social Services,Dropped,1/17/2024,Unresponsive
24030824,Healthcare,Active,,
24028147,Community and Social Services,Active,,
24026657,Marketing and communications,Active,,
24025321,Community and Social Services,Active,,
24023825,STEM and Green,Active,,
24023733,STEM and Green,Dropped,3/1/2024,Unresponsive
24023582,Community and Social Services,Dropped,12/28/2023,Unresponsive
24023535,STEM and Green,Active,,
24023452,Marketing and communications,Active,,
24023206,Healthcare,Dropped,2/14/2024,Unresponsive
24023172,Marketing and communications,Dropped,1/16/2024,Unresponsive
24023161,Marketing and communications,Active,,
24023131,Healthcare,Active,,
24023028,Healthcare,Active,,
24022550,Healthcare,Active,,
24022471,Healthcare,Dropped,1/16/2024,Unresponsive
24022454,Community and Social Services,Active,,
24022453,Marketing and communications,Active,,
24022227,STEM and Green,Active,,
24021946,Marketing and communications,Active,,
24021566,Marketing and communications,Active,,
24020566,STEM and Green,Dropped,4/4/2024,Student changed their mind and did not want a summer internship
24019434,Community and Social Services,Active,,
24019282,Marketing and communications,Active,,
24018997,STEM and Green,Active,,
24018469,Healthcare,Active,,
24018340,Marketing and communications,Active,,
24018124,STEM and Green,Active,,
24017217,Community and Social Services,Active,,
24016485,STEM and Green,Active,,
24016407,STEM and Green,Active,,
24016342,Marketing and communications,Active,,
24016264,Healthcare,Active,,
24015494,Community and Social Services,Dropped,2/23/2024,"Schedule conflict (class, job, personal)"
24015455,STEM and Green,Active,,
24015167,Community and Social Services,Active,,
24014597,STEM and Green,Active,,
24014370,STEM and Green,Active,,
24013929,Marketing and communications,Active,,
24013586,Community and Social Services,Active,,
24013047,Healthcare,Active,,
24012597,Marketing and communications,Active,,
24012465,Community and Social Services,Active,,
24011650,Healthcare,Active,,
24011189,Marketing and communications,Active,,
24011005,Community and Social Services,Active,,
24010787,STEM and Green,Active,,
24010724,Healthcare,Active,,
24008792,STEM and Green,Active,,
24007778,Community and Social Services,Dropped,12/28/2023,Unresponsive
24007127,Healthcare,Active,,
24005963,Healthcare,Dropped,2/14/2024,Unresponsive
24005444,Healthcare,Active,,
24003679,Marketing and communications,Active,,
24002245,Community and Social Services,Dropped,12/20/2023,Unresponsive
24001730,Community and Social Services,Active,,
24001014,Community and Social Services,Dropped,1/16/2024,Unresponsive
24000575,Community and Social Services,Active,,
23998675,Marketing and communications,Dropped,1/17/2024,Unresponsive
23998460,Community and Social Services,Active,,
23998348,STEM and Green,Active,,
23996298,STEM and Green,Dropped,1/9/2024,Student changed their mind and did not want a summer internship
23995217,Healthcare,Active,,
23995168,Marketing and communications,Active,,
23995005,Healthcare,Active,,
23993563,Healthcare,Dropped,12/28/2023,Unresponsive
23991376,STEM and Green,Active,,
23991082,Marketing and communications,Active,,
23990988,Marketing and communications,Dropped,1/16/2024,Unresponsive
23990869,STEM and Green,Active,,
23990047,STEM and Green,Active,,
23989648,Marketing and communications,Active,,
23989412,Healthcare,Active,,
23989004,STEM and Green,Dropped,12/28/2024,Unresponsive
23988000,Marketing and communications,Dropped,12/20/2023,Unresponsive
23987669,Community and Social Services,Active,,
23985980,Community and Social Services,Active,,
23985492,Healthcare,Active,,
23985409,STEM and Green,Dropped,2/14/2024,Unresponsive
23985113,Healthcare,Active,,
23985112,Community and Social Services,Active,,
23984533,Marketing and communications,Dropped,1/8/2024,Student changed their mind and did not want a summer internship
23984095,Community and Social Services,Dropped,1/16/2024,Unresponsive
23983503,Healthcare,Active,,
23983396,STEM and Green,Active,,
23982908,STEM and Green,Active,,
23982872,STEM and Green,Active,,
23982407,Healthcare,Active,,
23982023,STEM and Green,Dropped,2/2/2024,Student changed their mind and did not want a summer internship
23981905,Community and Social Services,Dropped,2/23/2024,Unresponsive
23981898,Community and Social Services,Active,,
23981848,Community and Social Services,Active,,
23981611,Marketing and communications,Active,,
23981594,Healthcare,Active,,
23981520,Community and Social Services,Active,,
23980174,Community and Social Services,Active,,
23980036,Healthcare,Active,,
23978464,Healthcare,Dropped,2/7/2024,Unresponsive
23978427,STEM and Green,Active,,
23978305,STEM and Green,Active,,
23975465,Marketing and communications,Active,,
23970893,STEM and Green,Active,,
23968667,STEM and Green,Dropped,1/8/2024,Unresponsive
23968244,Marketing and communications,Active,,
23967706,Community and Social Services,Active,,
23967400,Marketing and communications,Active,,
23966975,Marketing and communications,Active,,
23965173,STEM and Green,Active,,
23965162,Healthcare,Active,,
23961355,Community and Social Services,Active,,
23959608,Community and Social Services,Dropped,2/29/2024,Some other personal conflict
23959435,Marketing and communications,Active,,
23958823,Community and Social Services,Dropped,12/18/2023,I have a schedule conflict
23958591,Community and Social Services,Active,,
23958555,Marketing and communications,Active,,
23958272,Community and Social Services,Dropped,1/31/2024,Unresponsive
23957523,STEM and Green,Dropped,12/28/2023,Unresponsive
23957383,Marketing and communications,Active,,
23957316,STEM and Green,Active,,
23953565,STEM and Green,Active,,
23953424,Healthcare,Active,,
23951720,Healthcare,Dropped,2/7/2024,Unresponsive
23951266,Community and Social Services,Active,,
23949146,Marketing and communications,Active,,
23946938,Marketing and communications,Active,,
23946471,Healthcare,Active,,
23946310,Community and Social Services,Dropped,1/25/2024,
23945778,Healthcare,Active,,
23945689,STEM and Green,Active,,
23945262,Marketing and communications,Dropped,1/16/2024,Unresponsive
23944487,Community and Social Services,Active,,
23944346,Healthcare,Dropped,12/20/2023,Unresponsive
23942385,Community and Social Services,Dropped,11/22/2023,Received a new job or internship offer
23942297,Marketing and communications,Dropped,3/8/2024,I received a new job or internship offer
23940365,STEM and Green,Active,,
23940195,Community and Social Services,Active,,
23939604,STEM and Green,Dropped,2/23/2024,Unresponsive
23939221,Healthcare,Active,,
23939164,Community and Social Services,Active,,
23938742,STEM and Green,Active,,
23938235,STEM and Green,Dropped,2/14/2024,I do not like my placement
23938053,Community and Social Services,Active,,
23937436,Marketing and communications,Active,,
23936978,Marketing and communications,Active,,
23936812,Marketing and communications,Dropped,11/9/2023,Mistakenly admitted
23936725,Marketing and communications,Active,,
23936673,STEM and Green,Active,,
23935352,Marketing and communications,Dropped,1/10/2024,Student changed their mind and did not want a summer internship
23934206,Healthcare,Dropped,2/14/2024,I do not like my placement
23931646,Marketing and communications,Dropped,11/15/2023,I changed my mind and don't want a summer internship
23931351,STEM and Green,Active,,
23931165,Community and Social Services,Dropped,12/20/2023,Unresponsive
23930573,Community and Social Services,Active,,
23930543,Marketing and communications,Active,,
23930200,Healthcare,Active,,
23930112,Healthcare,Dropped,12/28/2023,Unresponsive
23926327,Community and Social Services,Active,,
23921055,STEM and Green,Dropped,1/16/2024,Unresponsive
23920958,Marketing and communications,Active,,
23919346,STEM and Green,Dropped,2/7/2024,Unresponsive
23918207,Marketing and communications,Active,,
23914558,STEM and Green,Active,,
23909895,Marketing and communications,Dropped,1/16/2024,Unresponsive
23903384,STEM and Green,Dropped,2/7/2024,Unresponsive
23901008,STEM and Green,Active,,
23900397,Marketing and communications,Dropped,12/28/2023,Unresponsive
23895344,Marketing and communications,Active,,
23892995,Marketing and communications,Active,,
23891962,Marketing and communications,Active,,
23887706,Healthcare,Active,,
23887127,STEM and Green,Dropped,2/23/2024,Unresponsive
23887050,Marketing and communications,Active,,
23885885,STEM and Green,Dropped,2/8/2024,I have a schedule conflict
23885842,Healthcare,Active,,
23885762,Healthcare,Active,,
23883350,Community and Social Services,Active,,
23880779,Healthcare,Dropped,1/19/2024,Student changed their mind and did not want a summer internship
23880772,Healthcare,Active,,
23879683,Community and Social Services,Active,,
23874722,Marketing and communications,Active,,
23874478,STEM and Green,Active,,
23872987,Marketing and communications,Active,,
23872842,Marketing and communications,Active,,
23872757,Marketing and communications,Active,,
23872736,Community and Social Services,Dropped,1/16/2024,Unresponsive
23872377,STEM and Green,Dropped,1/16/2024,Unresponsive
23871862,STEM and Green,Active,,
23871811,Community and Social Services,Active,,
23871733,Community and Social Services,Active,,
23871653,Marketing and communications,Active,,
23871634,Healthcare,Active,,
23870702,Community and Social Services,Dropped,12/20/2023,Unresponsive
23870424,Healthcare,Active,,
23867830,STEM and Green,Dropped,1/16/2024,Unresponsive
23867730,Marketing and communications,Dropped,1/16/2024,Unresponsive
23865721,Community and Social Services,Active,,
23864007,STEM and Green,Active,,
23863974,Marketing and communications,Active,,
23862774,STEM and Green,Dropped,11/9/2023,Mistakenly admitted
23862567,STEM and Green,Active,,
23862494,Marketing and communications,Active,,
23855364,Community and Social Services,Active,,
23855360,Marketing and communications,Dropped,3/4/2024,Received a new job or internship offer
23851227,Community and Social Services,Active,,
23850926,STEM and Green,Dropped,2/13/2024,I have a schedule conflict
23848176,STEM and Green,Active,,
23848167,Marketing and communications,Active,,
23847379,STEM and Green,Active,,
23846324,Community and Social Services,Dropped,3/4/2024,Student changed their mind and did not want a summer internship
23845104,Community and Social Services,Dropped,1/8/2024,Student changed their mind and did not want a summer internship
23844070,Community and Social Services,Active,,
23843968,Healthcare,Active,,
23842528,Community and Social Services,Active,,
23841688,STEM and Green,Dropped,2/23/2024,Unresponsive
23840614,STEM and Green,Active,,
23839498,Community and Social Services,Active,,
23835889,Healthcare,Active,,
23835844,Community and Social Services,Active,,
23835331,STEM and Green,Active,,
23835120,Community and Social Services,Active,,
23834391,Healthcare,Active,,
23833861,Healthcare,Dropped,12/26/2024,Unresponsive
23828185,STEM and Green,Active,,
23826390,Healthcare,Dropped,1/16/2024,Unresponsive
23826307,Healthcare,Dropped,1/10/2024,Unresponsive
23825380,STEM and Green,Dropped,1/16/2024,Unresponsive
23824988,Community and Social Services,Dropped,12/28/2024,Unresponsive
23823854,Marketing and communications,Active,,
23823700,Marketing and communications,Active,,
23823047,STEM and Green,Active,,
23821218,Community and Social Services,Active,,
23820907,Healthcare,Active,,
23816832,Healthcare,Active,,
23816712,Marketing and communications,Dropped,1/16/2024,Unresponsive
23813827,Community and Social Services,Dropped,1/31/2024,Unresponsive
23811675,STEM and Green,Active,,
23811651,Community and Social Services,Active,,
23810382,Marketing and communications,Active,,
23807969,Community and Social Services,Active,,
23806326,STEM and Green,Active,,
23804659,Marketing and communications,Active,,
23799958,Marketing and communications,Active,,
23799705,STEM and Green,Dropped,1/17/2024,Unresponsive
23799513,Community and Social Services,Active,,
23799274,Community and Social Services,Dropped,1/16/2024,Unresponsive
23797989,Healthcare,Dropped,1/17/2024,Unresponsive
23797858,Marketing and communications,Active,,
23795875,STEM and Green,Dropped,12/28/2023,Unresponsive
23795240,Marketing and communications,Dropped,1/22/2024,Student changed their mind and did not want a summer internship
23794594,STEM and Green,Active,,
23793634,STEM and Green,Active,,
23790140,Community and Social Services,Active,,
23786146,Community and Social Services,Active,,
23785298,STEM and Green,Active,,
23784228,Community and Social Services,Active,,
23783418,STEM and Green,Dropped,2/5/2024,I have a schedule conflict
23782021,STEM and Green,Active,,
23781553,STEM and Green,Dropped,2/7/2024,Unresponsive
23780282,Marketing and communications,Active,,
23777725,Community and Social Services,Active,,
23777530,STEM and Green,Active,,
23774217,Community and Social Services,Active,,
23774214,Community and Social Services,Dropped,12/20/2023,Unresponsive
23771577,Marketing and communications,Active,,
23769935,STEM and Green,Dropped,2/14/2024,Unresponsive
23769507,STEM and Green,Dropped,11/9/2023,Mistakenly admitted
23766708,Community and Social Services,Active,,
23762973,STEM and Green,Dropped,1/16/2024,Unresponsive
23761541,Healthcare,Active,,
23759117,STEM and Green,Active,,
23759092,Marketing and communications,Active,,
23758760,Healthcare,Active,,
23757845,Healthcare,Active,,
23756697,Marketing and communications,Active,,
23756650,STEM and Green,Active,,
23755794,Marketing and communications,Active,,
23755670,Marketing and communications,Active,,
23752722,STEM and Green,Active,,
23751783,Community and Social Services,Active,,
23751502,Healthcare,Active,,
23750508,STEM and Green,Active,,
23748134,Community and Social Services,Active,,
23746446,Community and Social Services,Active,,
23740544,Healthcare,Active,,
23740167,Community and Social Services,Active,,
23737068,Healthcare,Active,,
23735776,Marketing and communications,Active,,
23733952,Healthcare,Active,,
23731284,Marketing and communications,Active,,
23730693,STEM and Green,Active,,
23729468,Community and Social Services,Dropped,1/16/2024,Unresponsive
23729082,Community and Social Services,Active,,
23727458,Community and Social Services,Active,,
23727428,Community and Social Services,Active,,
23727274,Community and Social Services,Active,,
23726991,Marketing and communications,Active,,
23726289,STEM and Green,Active,,
23725443,Community and Social Services,Active,,
23724355,Marketing and communications,Active,,
23724177,STEM and Green,Active,,
23720848,Marketing and communications,Active,,
23720829,STEM and Green,Active,,
23720738,STEM and Green,Active,,
23720719,STEM and Green,Active,,
23719023,STEM and Green,Active,,
23718354,Marketing and communications,Dropped,1/16/2024,Unresponsive
23717549,STEM and Green,Active,,
23717225,Community and Social Services,Active,,
23714272,Community and Social Services,Active,,
23708965,Community and Social Services,Active,,
23692443,Community and Social Services,Dropped,12/15/2023,I have a schedule conflict
23684230,STEM and Green,Active,,
23681112,Healthcare,Active,,
23675165,Community and Social Services,Active,,
23668420,Healthcare,Active,,
23667105,Marketing and communications,Active,,
23661798,STEM and Green,Dropped,11/9/2023,Mistakenly admitted
23660422,Marketing and communications,Active,,
23660340,STEM and Green,Dropped,2/6/2024,
23653899,STEM and Green,Active,,
23652915,Healthcare,Dropped,2/7/2024,Unresponsive
23649721,Community and Social Services,Active,,
23644785,STEM and Green,Active,,
23644277,STEM and Green,Active,,
23643139,Community and Social Services,Active,,
23636968,Marketing and communications,Active,,
23633008,Marketing and communications,Active,,
23627786,Marketing and communications,Active,,
23627680,Healthcare,Dropped,1/10/2024,Unresponsive
23627025,Marketing and communications,Active,,
23613866,STEM and Green,Active,,
23613795,Healthcare,Active,,
23608778,Healthcare,Active,,
23606001,Marketing and communications,Dropped,2/8/2024,I have a schedule conflict
23589351,Marketing and communications,Active,,
23581779,STEM and Green,Dropped,1/10/2024,Student changed their mind and did not want a summer internship
23578364,Community and Social Services,Active,,
23572458,Community and Social Services,Dropped,2/25/2024,Unresponsive
23567546,Marketing and communications,Active,,
23567164,Healthcare,Active,,
23555218,Community and Social Services,Active,,
23552271,STEM and Green,Dropped,1/16/2024,Unresponsive
23548973,Marketing and communications,Dropped,1/17/2024,Unresponsive
23544485,Marketing and communications,Active,,
23535959,STEM and Green,Dropped,2/29/2024,I do not like my placement
23532678,STEM and Green,Active,,
23526566,STEM and Green,Active,,
23524744,STEM and Green,Dropped,1/18/2024,I changed my mind and don't want a summer internship
23523826,STEM and Green,Dropped,1/16/2024,Unresponsive
23520267,Healthcare,Active,,
23519810,Healthcare,Active,,
23518721,Community and Social Services,Active,,
23514487,Healthcare,Active,,
23492672,STEM and Green,Active,,
23489225,Community and Social Services,Dropped,12/20/2023,Unresponsive
23487168,Healthcare,Dropped,3/1/2024,Received a new job or internship offer
23480408,Healthcare,Active,,
23474049,Marketing and communications,Dropped,12/26/2024,Unresponsive
23472002,STEM and Green,Active,,
23468444,Community and Social Services,Active,,
23463458,Marketing and communications,Active,,
23453569,Community and Social Services,Dropped,2/7/2024,Unresponsive
23450393,Marketing and communications,Dropped,3/4/2024,I am not in undergrad classes this semester or next semester
23436142,Healthcare,Dropped,2/22/2024,Student changed their mind and did not want a summer internship
23430567,STEM and Green,Dropped,1/10/2024,Student changed their mind and did not want a summer internship
23428464,Community and Social Services,Active,,
23425619,Community and Social Services,Active,,
23424083,STEM and Green,Dropped,1/16/2024,Unresponsive
23423572,STEM and Green,Dropped,1/16/2024,Unresponsive
23419879,Community and Social Services,Active,,
23407521,Community and Social Services,Dropped,12/28/2024,Unresponsive
23407228,Community and Social Services,Active,,
23402914,Community and Social Services,Active,,
23368923,Community and Social Services,Dropped,1/17/2024,Unresponsive
23364337,STEM and Green,Dropped,2/7/2024,Unresponsive
23357934,Community and Social Services,Active,,
23334980,Healthcare,Dropped,12/20/2023,Unresponsive
23327637,STEM and Green,Active,,
23325980,Healthcare,Active,,
23323632,Marketing and communications,Active,,
23283469,STEM and Green,Dropped,2/27/2024,I have a schedule conflict
23240800,Community and Social Services,Dropped,3/22/2024,Some other personal conflict
23205996,Healthcare,Active,,
23185023,STEM and Green,Active,,
23181886,STEM and Green,Active,,
23172681,STEM and Green,Dropped,1/16/2024,Unresponsive
23148096,STEM and Green,Dropped,2/21/2024,I have a schedule conflict
23141442,STEM and Green,Dropped,3/13/2024,"Did not meet payroll requirements (SSN, work authorization)"
23140245,Community and Social Services,Active,,
23103177,Community and Social Services,Active,,
23057666,STEM and Green,Dropped,1/10/2024,Student changed their mind and did not want a summer internship
23012820,Healthcare,Dropped,12/20/2023,Unresponsive
23012240,Healthcare,Active,,
23010294,Community and Social Services,Dropped,1/16/2024,Unresponsive
16121143,Community and Social Services,Dropped,3/20/2024,"Schedule conflict (class, job, personal)"
15376437,STEM and Green,Dropped,1/25/2024,Unresponsive
15368805,Community and Social Services,Dropped,1/16/2024,Unresponsive
15362857,Healthcare,Active,,
15309067,STEM and Green,Active,,
15223080,Community and Social Services,Dropped,12/20/2023,Unresponsive
15159330,Marketing and communications,Active,,
15026451,STEM and Green,Active,,
14231891,STEM and Green,Active,,
14157283,Healthcare,Active,,
14015667,Marketing and communications,Dropped,3/5/2024,I do not like my placement
13172787,Healthcare,Active,,
13155987,Healthcare,Active,,
13148633,Marketing and communications,Active,,
13070992,Community and Social Services,Dropped,1/16/2024,Unresponsive
13064223,Healthcare,Active,,
13047707,Community and Social Services,Active,,
13032639,Community and Social Services,Active,,
13016554,Community and Social Services,Active,,
12253459,STEM and Green,Active,,
12200632,Community and Social Services,Dropped,1/16/2024,Unresponsive
12194219,STEM and Green,Dropped,2/2/2024,I do not like my placement
12049236,Marketing and communications,Dropped,12/28/2023,Student changed their mind and did not want a summer internship
12033208,Marketing and communications,Active,,